,NAME,DATE_x,HOUR,VMAX,LAT,LON,MSLP,ID,DELV12,DELV24,DELV36,DELV48,PER,SHRD,D200,RHLO,PX30,SDBT,POT,RHCN,TPW,PC2,SHRD2,SHRG,DIVC,U200,EPSS,ENSS,TPWC,RSST,DATEs,MONTH_x,YEAR_x,DAY,TAR,DATETIME,KEY,storm name,landfall date,damage ranke,current damage($ 2020),base damage,State,category,winds(MPH),MONTH_y,DATE_y,Year,MONTHINT,intDay,intDate,GDP,population,LatInt,LonInt,grid_Lat,grid_Lon,GDPMER,popgpw,is_land,avg_GDPMER
0,ALIC,830818,0,95,28.4,-94.8,969.0,AL031983,-15.0,-60.0,-70.0,-75.0,20.0,2.0,15,60,58.0,11.20000017,-46,0,83,13.0,5.8,14.3,23.0,-3.1,7.0,5.5,60.5,29.8,19830818,08,1983,18,0,1983-01-18 00:08:00,ALIC-1983,Alicia,"Aug 18,1983",26,22330000000.0,3000000000.0,TX,3,115,Aug,18,1983,08,18,18,,,28,-95,29.0,-95.0,6.817195808999999,234143.4,False,6.817195808999999
1,DIAN,840913,0,85,33.8,-77.4,972.0,AL101984,-20.0,-40.0,-40.0,-30.0,-10.0,1.7,-41,53,87.0,10.60000016,-37,0,465,-23.0,5.4,11.0,-61.0,1.0,0.9,4.0,58.2,26.7,19840913,09,1984,13,0,1984-01-13 00:09:00,DIAN-1984,Diana,"Sep 13,1984",144,620000000.0,65000000.0,NC,2,110,Sep,13,1984,09,13,13,,,34,-77,34.0,-77.0,1.7673934519999999,72521.84,False,4.7481272005
2,DIAN,840913,12,65,34.0,-78.3,990.0,AL101984,-20.0,-20.0,-10.0,-5.0,-20.0,5.2,-21,53,60.0,12.90000019,-41,0,741,-15.0,8.3,12.0,-44.0,-0.1,0.0,7.1,56.4,26.7,19840913,09,1984,13,0,1984-01-13 12:09:00,DIAN-1984,Diana,"Sep 13,1984",144,620000000.0,65000000.0,NC,2,110,Sep,13,1984,09,13,13,,,34,-78,34.0,-78.0,7.7288609489999995,324247.6,True,4.7481272005
3,ELEN,850902,0,110,29.4,-85.9,953.0,AL051985,-10.0,-65.0,-85.0,-90.0,5.0,9.9,13,61,76.0,12.40000018,-45,0,212,-21.0,9.9,17.9,12.0,-5.5,3.4,3.3,61.1,29.4,19850902,09,1985,02,0,1985-01-02 00:09:00,ELEN-1985,Elena,"Sep 02,1985",67,5360000000.0,1250000000.0,MS,3,115,Sep,02,1985,09,2,2,,,29,-86,29.0,-86.0,0.239075092,13641.32,False,5.722243111
4,ELEN,850902,12,100,30.2,-88.8,959.0,AL051985,-55.0,-75.0,-80.0,-80.0,-10.0,11.9,2,59,75.0,12.00000018,-59,0,324,-19.0,13.1,22.1,-7.0,-5.0,0.1,4.7,61.5,29.3,19850902,09,1985,02,0,1985-01-02 12:09:00,ELEN-1985,Elena,"Sep 02,1985",67,5360000000.0,1250000000.0,MS,3,115,Sep,02,1985,09,2,2,,,30,-89,30.0,-89.0,11.20541113,560134.7,False,5.722243111
5,KATE,851121,0,105,26.8,-86.5,954.0,AL131985,-10.0,-25.0,-55.0,-65.0,0.0,18.7,66,75,92.0,10.00000015,15,0,0,-101.0,22.8,31.6,60.0,-1.3,0.0,5.2,58.1,25.7,19851121,11,1985,21,0,1985-01-21 00:11:00,KATE-1985,Kate,"Nov 21,1985",108,1800000000.0,300000000.0,FL,2,100,Nov,21,1985,11,21,21,,,27,-86,27.0,-83.0,44.29237152,1653082.0,False,14.923507234666667
6,KATE,851121,6,100,27.5,-86.6,961.0,AL131985,-15.0,-35.0,-55.0,-65.0,-5.0,12.8,110,69,88.0,12.90000019,17,0,236,-94.0,23.6,34.8,108.0,3.0,0.0,10.8,56.3,25.3,19851121,11,1985,21,0,1985-01-21 06:11:00,KATE-1985,Kate,"Nov 21,1985",108,1800000000.0,300000000.0,FL,2,100,Nov,21,1985,11,21,21,,,28,-87,29.0,-86.0,0.239075092,13641.32,False,14.923507234666667
7,KATE,851121,12,95,28.3,-86.5,965.0,AL131985,-15.0,-45.0,-55.0,-60.0,-10.0,15.9,93,69,91.0,12.10000018,18,0,553,-100.0,24.6,37.1,97.0,9.3,0.0,14.6,55.8,24.7,19851121,11,1985,21,0,1985-01-21 12:11:00,KATE-1985,Kate,"Nov 21,1985",108,1800000000.0,300000000.0,FL,2,100,Nov,21,1985,11,21,21,,,28,-86,29.0,-86.0,0.239075092,13641.32,False,14.923507234666667
8,BONN,860626,0,70,28.2,-92.9,999.0,AL021986,-5.0,-40.0,-50.0,-55.0,15.0,7.6,-16,67,45.0,17.00000025,-68,0,190,52.0,12.8,15.5,15.0,0.7,5.7,3.6,56.1,28.7,19860626,06,1986,26,0,1986-01-26 00:06:00,BONN-1986,Bonnie,"Jun 26,1986",239,7000000.0,2000000.0,TX,1,85,Jun,26,1986,06,26,26,,,28,-93,29.0,-93.0,0.724108913,34545.24,False,1.7077586225
9,BONN,860626,6,75,29.0,-93.7,995.0,AL021986,-40.0,-50.0,-55.0,-65.0,10.0,15.2,-36,65,39.0,19.00000028,-71,0,250,54.0,20.1,23.5,-17.0,1.5,3.8,3.2,55.1,28.6,19860626,06,1986,26,0,1986-01-26 06:06:00,BONN-1986,Bonnie,"Jun 26,1986",239,7000000.0,2000000.0,TX,1,85,Jun,26,1986,06,26,26,,,29,-94,29.0,-94.0,2.691408332,101560.3,False,1.7077586225
10,FLOR,880909,0,50,24.2,-89.2,992.0,AL071988,5.0,20.0,-20.0,-35.0,5.0,9.6,17,62,26.0,23.90000036,-100,0,358,87.0,5.2,15.0,24.0,0.1,0.5,3.5,67.2,28.8,19880909,09,1988,09,0,1988-01-09 00:09:00,FLOR-1988,Florence,"Sep 09,1988",244,2000000.0,2920000.0,LA,1,80,Sep,09,1988,09,9,9,,,24,-89,25.0,-82.0,0.413443389,12996.07,False,2.136375755
11,FLOR,880909,6,50,25.0,-89.2,991.0,AL071988,15.0,10.0,-30.0,-35.0,5.0,11.5,8,60,50.0,27.30000041,-85,0,584,-43.0,7.2,13.8,1.0,0.3,0.2,5.1,64.9,29.0,19880909,09,1988,09,0,1988-01-09 06:09:00,FLOR-1988,Florence,"Sep 09,1988",244,2000000.0,2920000.0,LA,1,80,Sep,09,1988,09,9,9,,,25,-89,26.0,-83.0,2.997841938,114606.1,False,2.136375755
12,FLOR,880909,12,55,26.1,-89.2,998.0,AL071988,15.0,-25.0,-40.0,-40.0,5.0,6.7,16,60,97.0,4.600000069,-75,0,741,-126.0,6.1,17.1,-33.0,3.5,0.0,7.0,65.7,29.0,19880909,09,1988,09,0,1988-01-09 12:09:00,FLOR-1988,Florence,"Sep 09,1988",244,2000000.0,2920000.0,LA,1,80,Sep,09,1988,09,9,9,,,26,-89,26.0,-83.0,2.997841938,114606.1,False,2.136375755
13,GILB,880916,0,100,22.5,-93.8,949.0,AL081988,15.0,-20.0,-65.0,-70.0,15.0,17.1,66,77,100.0,6.600000098,-37,0,0,-163.0,17.0,20.5,62.0,-12.7,4.4,2.8,75.8,28.8,19880916,09,1988,16,0,1988-01-16 00:09:00,GILB-1988,Gilbert,"Sep 16,1988",167,290000000.0,50000000.0,TX,TS,70,Sep,16,1988,09,16,16,,,22,-94,21.0,-157.0,0.163479078,5334.22,False,1.099624602
14,GILB,880916,6,110,22.9,-94.8,946.0,AL081988,5.0,-60.0,-80.0,-80.0,20.0,23.9,22,76,100.0,6.400000095,-35,0,0,-182.0,18.4,21.8,44.0,-11.8,2.0,2.8,73.4,28.8,19880916,09,1988,16,0,1988-01-16 06:09:00,GILB-1988,Gilbert,"Sep 16,1988",167,290000000.0,50000000.0,TX,TS,70,Sep,16,1988,09,16,16,,,23,-95,24.0,-81.0,0.276697082,9535.538,False,1.099624602
15,GILB,880916,12,115,23.7,-95.9,948.0,AL081988,-35.0,-80.0,-85.0,-90.0,15.0,6.0,23,77,99.0,6.900000102999999,-29,0,0,-163.0,8.5,17.8,7.0,-8.3,1.4,3.0,69.3,28.7,19880916,09,1988,16,0,1988-01-16 12:09:00,GILB-1988,Gilbert,"Sep 16,1988",167,290000000.0,50000000.0,TX,TS,70,Sep,16,1988,09,16,16,,,24,-96,25.0,-98.0,1.979161124,125871.5,False,1.099624602
16,GILB,880916,18,115,23.9,-97.0,950.0,AL081988,-65.0,-85.0,-85.0,-90.0,5.0,3.5,0,73,99.0,7.500000112,-14,0,0,-162.0,5.9,18.6,7.0,-8.6,4.1,3.7,70.5,28.5,19880916,09,1988,16,0,1988-01-16 18:09:00,GILB-1988,Gilbert,"Sep 16,1988",167,290000000.0,50000000.0,TX,TS,70,Sep,16,1988,09,16,16,,,24,-97,25.0,-98.0,1.979161124,125871.5,False,1.099624602
17,CHAN,890801,0,65,27.9,-92.8,991.0,AL041989,5.0,-30.0,-45.0,-45.0,15.0,10.7,21,69,73.0,10.90000016,-67,0,0,-62.0,2.3,14.4,13.0,-7.3,4.7,3.8,61.0,28.6,19890801,08,1989,01,0,1989-01-01 00:08:00,CHAN-1989,Chantal,"Aug 01,1989",158,390000000.0,100000000.0,TX,1,80,Aug,01,1989,08,1,1,,,28,-93,29.0,-93.0,0.724108913,34545.24,False,0.724108913
18,ANDR,920824,0,125,25.4,-77.5,930.0,AL041992,-10.0,-10.0,-5.0,0.0,-20.0,4.2,4,65,96.0,4.500000067,-25,0,321,-54.0,2.3,9.6,6.0,-12.8,5.9,2.8,59.3,29.4,19920824,08,1992,24,0,1992-01-24 00:08:00,ANDR-1992,Andrew,"Aug 24,1992",6,87220000000.0,24000000000.0,FL,5,170,Aug,24,1992,08,24,24,,,25,-78,25.0,-81.0,50.16286345,2090049.0,False,17.221648994333332
19,ANDR,920824,6,130,25.4,-79.3,937.0,AL041992,-15.0,-15.0,-5.0,-10.0,-20.0,7.1,28,65,99.0,4.4000000660000005,-22,0,300,-62.0,2.8,7.2,29.0,-13.5,5.9,2.5,60.6,29.6,19920824,08,1992,24,0,1992-01-24 06:08:00,ANDR-1992,Andrew,"Aug 24,1992",6,87220000000.0,24000000000.0,FL,5,170,Aug,24,1992,08,24,24,,,25,-79,25.0,-81.0,50.16286345,2090049.0,False,17.221648994333332
20,ANDR,920825,0,115,26.2,-85.0,943.0,AL041992,5.0,10.0,-35.0,-80.0,0.0,2.6,48,67,79.0,9.900000148,-24,0,38,-40.0,2.4,10.6,55.0,-14.0,8.1,2.3,61.3,29.3,19920825,08,1992,25,0,1992-01-25 00:08:00,ANDR-1992,Andrew,"Aug 25,1992",83,3030000000.0,1000000000.0,LA,3,115,Aug,25,1992,08,25,25,,,26,-85,26.0,-83.0,2.997841938,114606.1,False,17.221648994333332
21,ANDR,920825,6,115,26.6,-86.7,948.0,AL041992,10.0,5.0,-65.0,-85.0,0.0,1.6,35,64,96.0,7.8000001160000005,-25,0,15,-78.0,1.2,10.4,17.0,-14.0,5.9,2.1,63.5,29.0,19920825,08,1992,25,0,1992-01-25 06:08:00,ANDR-1992,Andrew,"Aug 25,1992",83,3030000000.0,1000000000.0,LA,3,115,Aug,25,1992,08,25,25,,,27,-87,28.0,-90.0,0.002108376,78.83422,False,17.221648994333332
22,ANDR,920825,12,120,27.2,-88.2,946.0,AL041992,5.0,-40.0,-85.0,-90.0,5.0,2.5,3,67,94.0,7.200000107,-26,0,0,-97.0,2.1,7.6,8.0,-8.5,4.9,2.1,63.6,29.0,19920825,08,1992,25,0,1992-01-25 12:08:00,ANDR-1992,Andrew,"Aug 25,1992",83,3030000000.0,1000000000.0,LA,3,115,Aug,25,1992,08,25,25,,,27,-88,28.0,-90.0,0.002108376,78.83422,False,17.221648994333332
23,ANDR,920825,18,125,27.8,-89.6,941.0,AL041992,-5.0,-75.0,-95.0,-100.0,10.0,3.5,23,69,96.0,9.500000142000001,-7,0,0,-93.0,0.4,9.5,18.0,-7.2,7.7,2.7,64.5,28.9,19920825,08,1992,25,0,1992-01-25 18:08:00,ANDR-1992,Andrew,"Aug 25,1992",83,3030000000.0,1000000000.0,LA,3,115,Aug,25,1992,08,25,25,,,28,-90,28.0,-90.0,0.002108376,78.83422,False,17.221648994333332
24,EMIL,930831,0,80,32.4,-73.0,972.0,AL051993,15.0,20.0,15.0,10.0,5.0,6.4,5,64,88.0,12.20000018,-39,0,0,-70.0,9.6,13.2,11.0,-6.2,4.4,2.5,59.6,27.5,19930831,08,1993,31,0,1993-01-31 00:08:00,EMIL-1993,Emily,"Aug 31,1993",191,130000000.0,35000000.0,NC,3,115,Aug,31,1993,08,31,31,,,32,-73,33.0,-78.0,0.100330519,3448.942,False,0.883335391
25,EMIL,930831,6,85,32.9,-73.8,970.0,AL051993,15.0,15.0,5.0,5.0,10.0,6.1,9,61,92.0,13.100000199999998,-41,0,265,-81.0,9.7,14.6,-10.0,-4.6,2.8,2.6,58.7,27.6,19930831,08,1993,31,0,1993-01-31 06:08:00,EMIL-1993,Emily,"Aug 31,1993",191,130000000.0,35000000.0,NC,3,115,Aug,31,1993,08,31,31,,,33,-74,34.0,-77.0,2.108249218,76198.27,False,0.883335391
26,EMIL,930831,18,100,34.5,-75.2,962.0,AL051993,0.0,-10.0,-10.0,-15.0,15.0,8.7,-13,60,90.0,12.50000019,-19,0,700,-98.0,8.6,9.3,-14.0,7.5,4.2,3.4,59.4,27.6,19930831,08,1993,31,0,1993-01-31 18:08:00,EMIL-1993,Emily,"Aug 31,1993",191,130000000.0,35000000.0,NC,3,115,Aug,31,1993,08,31,31,,,34,-75,35.0,-76.0,0.44142643600000003,15439.17,False,0.883335391
27,ALBE,940703,0,45,27.7,-86.8,998.0,AL011994,10.0,-20.0,-25.0,-25.0,5.0,10.5,18,69,81.0,12.20000018,-86,0,320,-60.0,5.2,17.2,-16.0,-0.6,4.9,2.9,58.0,28.1,19940703,07,1994,03,0,1994-01-03 00:07:00,ALBE-1994,Alberto,"Jul 03,1994",111,1710000000.0,500000000.0,FL,TS,65,Jul,03,1994,07,3,3,,,28,-87,29.0,-86.0,0.26967942,13892.21,False,1.8447372383333336
28,ALBE,940703,6,50,28.8,-86.8,997.0,AL011994,-5.0,-30.0,-30.0,-30.0,5.0,5.0,17,67,81.0,8.400000125,-79,0,766,-53.0,7.3,18.3,31.0,3.2,2.1,2.9,57.2,27.7,19940703,07,1994,03,0,1994-01-03 06:07:00,ALBE-1994,Alberto,"Jul 03,1994",111,1710000000.0,500000000.0,FL,TS,65,Jul,03,1994,07,3,3,,,29,-87,29.0,-86.0,0.26967942,13892.21,False,1.8447372383333336
29,ALBE,940703,12,55,29.9,-86.7,993.0,AL011994,-30.0,-35.0,-35.0,-35.0,10.0,4.4,13,72,59.0,7.500000112,-68,0,442,-39.0,6.4,15.6,-42.0,3.0,2.2,2.8,58.3,27.3,19940703,07,1994,03,0,1994-01-03 12:07:00,ALBE-1994,Alberto,"Jul 03,1994",111,1710000000.0,500000000.0,FL,TS,65,Jul,03,1994,07,3,3,,,30,-87,30.0,-87.0,4.994852875,225615.2,False,1.8447372383333336
30,BERY,940815,0,25,29.5,-86.3,1009.0,AL031994,10.0,25.0,5.0,-5.0,5.0,5.1,88,76,55.0,14.20000021,-105,0,0,-14.0,10.6,16.6,83.0,5.2,6.7,2.5,58.4,28.5,19940815,08,1994,15,0,1994-01-15 00:08:00,BERY-1994,Beryl,"Aug 15,1994",174,250000000.0,73000000.0,FL,TS,60,Aug,15,1994,08,15,15,,,30,-86,30.0,-86.0,4.517488252,231793.9,False,4.517488252
31,BERY,940815,6,30,29.6,-85.9,1008.0,AL031994,15.0,20.0,-5.0,-15.0,5.0,17.7,56,75,54.0,27.100000399999995,-107,0,0,14.0,17.6,22.3,65.0,7.2,4.6,2.4,59.2,28.5,19940815,08,1994,15,0,1994-01-15 06:08:00,BERY-1994,Beryl,"Aug 15,1994",174,250000000.0,73000000.0,FL,TS,60,Aug,15,1994,08,15,15,,,30,-86,30.0,-86.0,4.517488252,231793.9,False,4.517488252
32,BERY,940815,12,35,29.7,-85.6,1007.0,AL031994,15.0,-5.0,-15.0,-20.0,10.0,15.1,42,75,57.0,25.00000037,-111,0,0,-20.0,18.7,21.9,65.0,9.8,3.2,2.9,58.8,28.6,19940815,08,1994,15,0,1994-01-15 12:08:00,BERY-1994,Beryl,"Aug 15,1994",174,250000000.0,73000000.0,FL,TS,60,Aug,15,1994,08,15,15,,,30,-86,30.0,-86.0,4.517488252,231793.9,False,4.517488252
33,BERY,940815,18,45,29.9,-85.7,1004.0,AL031994,5.0,-20.0,-30.0,-30.0,15.0,14.2,90,69,65.0,20.3000003,-92,0,0,-28.0,16.6,18.1,72.0,15.9,5.0,3.1,57.9,28.5,19940815,08,1994,15,0,1994-01-15 18:08:00,BERY-1994,Beryl,"Aug 15,1994",174,250000000.0,73000000.0,FL,TS,60,Aug,15,1994,08,15,15,,,30,-86,30.0,-86.0,4.517488252,231793.9,False,4.517488252
34,GORD,941116,0,45,25.4,-82.5,998.0,AL121994,0.0,10.0,15.0,30.0,0.0,11.0,16,71,41.0,23.00000034,-89,0,264,30.0,21.1,27.6,46.0,16.0,1.5,2.4,57.5,27.3,19941116,11,1994,16,0,1994-01-16 00:11:00,GORD-1994,Gordon,"Nov 16,1994",99,2060000000.0,400000000.0,FL,TS,50,Nov,16,1994,11,16,16,,,25,-82,25.0,-82.0,0.549596714,15891.96,False,10.898465991333333
35,GORD,941116,6,45,25.7,-82.4,997.0,AL121994,0.0,10.0,20.0,25.0,0.0,11.5,49,67,42.0,19.9000003,-86,0,521,66.0,20.0,26.7,57.0,16.4,0.7,2.6,57.8,27.2,19941116,11,1994,16,0,1994-01-16 06:11:00,GORD-1994,Gordon,"Nov 16,1994",99,2060000000.0,400000000.0,FL,TS,50,Nov,16,1994,11,16,16,,,26,-82,26.0,-82.0,16.07290063,564335.4,False,10.898465991333333
36,GORD,941116,12,45,26.4,-82.0,995.0,AL121994,10.0,15.0,30.0,25.0,0.0,8.6,43,69,36.0,26.600000399999995,-76,0,567,74.0,21.3,31.8,45.0,21.6,0.3,3.0,57.2,26.9,19941116,11,1994,16,0,1994-01-16 12:11:00,GORD-1994,Gordon,"Nov 16,1994",99,2060000000.0,400000000.0,FL,TS,50,Nov,16,1994,11,16,16,,,26,-82,26.0,-82.0,16.07290063,564335.4,False,10.898465991333333
37,DEAN,950730,0,30,26.9,-90.6,1007.0,AL041995,0.0,10.0,-5.0,-10.0,0.0,5.0,12,73,41.0,28.40000042,-127,0,0,39.0,8.0,10.8,21.0,-0.8,5.0,2.9,59.5,30.2,19950730,07,1995,30,0,1995-01-30 00:07:00,DEAN-1995,Dean,"Jul 30,1995",245,2000000.0,500000.0,TX,TS,45,Jul,30,1995,07,30,30,,,27,-91,28.0,-90.0,0.001918464,77.11684,False,1.0927211593333332
38,DEAN,950730,6,30,27.6,-91.7,1006.0,AL041995,5.0,0.0,-10.0,-10.0,0.0,4.6,35,72,35.0,22.80000034,-134,0,0,60.0,9.2,9.9,30.0,-3.5,3.4,3.1,61.0,30.3,19950730,07,1995,30,0,1995-01-30 06:07:00,DEAN-1995,Dean,"Jul 30,1995",245,2000000.0,500000.0,TX,TS,45,Jul,30,1995,07,30,30,,,28,-92,29.0,-92.0,2.514135923,115986.7,False,1.0927211593333332
39,DEAN,950730,12,30,28.1,-93.0,1005.0,AL041995,10.0,-5.0,-10.0,-10.0,0.0,7.6,26,75,67.0,26.700000399999997,-138,0,15,-43.0,6.6,10.0,33.0,-3.1,2.4,3.2,64.6,30.3,19950730,07,1995,30,0,1995-01-30 12:07:00,DEAN-1995,Dean,"Jul 30,1995",245,2000000.0,500000.0,TX,TS,45,Jul,30,1995,07,30,30,,,28,-93,29.0,-93.0,0.7621090909999999,35805.45,False,1.0927211593333332
40,ERIN,950802,0,75,26.9,-79.0,982.0,AL051995,-25.0,-10.0,5.0,-30.0,0.0,29.5,37,68,23.0,23.20000035,-65,0,0,89.0,27.4,31.0,36.0,12.5,4.9,2.8,59.8,28.9,19950802,08,1995,02,0,1995-01-02 00:08:00,ERIN-1995,Erin,"Aug 02,1995",120,1190000000.0,350000000.0,FL,1,85,Aug,02,1995,08,2,2,,,27,-79,27.0,-81.0,12.36040017,454570.5,False,6.006684485199999
41,ERIN,950802,6,75,27.7,-80.4,985.0,AL051995,-15.0,-5.0,-10.0,-40.0,0.0,19.5,33,67,58.0,13.90000021,-68,0,291,19.0,20.4,24.1,31.0,4.4,3.1,2.8,61.0,28.8,19950802,08,1995,02,0,1995-01-02 06:08:00,ERIN-1995,Erin,"Aug 02,1995",120,1190000000.0,350000000.0,FL,1,85,Aug,02,1995,08,2,2,,,28,-80,28.0,-81.0,10.29805934,434843.8,False,6.006684485199999
42,ERIN,950803,6,70,29.3,-85.7,979.0,AL051995,-5.0,-35.0,-50.0,-50.0,10.0,15.2,-4,67,74.0,10.20000015,-89,0,119,-46.0,18.4,23.1,-26.0,0.3,2.1,3.4,65.6,29.7,19950803,08,1995,03,0,1995-01-03 06:08:00,ERIN-1995,Erin,"Aug 03,1995",127,1050000000.0,350000000.0,FL,2,100,Aug,03,1995,08,3,3,,,29,-86,29.0,-86.0,0.26967942,13892.21,False,6.006684485199999
43,ERIN,950803,12,80,29.8,-86.6,974.0,AL051995,-35.0,-60.0,-60.0,-60.0,15.0,9.7,12,69,99.0,6.400000095,-81,0,58,-90.0,15.6,18.6,-1.0,-1.9,1.9,3.0,67.0,29.8,19950803,08,1995,03,0,1995-01-03 12:08:00,ERIN-1995,Erin,"Aug 03,1995",127,1050000000.0,350000000.0,FL,2,100,Aug,03,1995,08,3,3,,,30,-87,30.0,-87.0,4.994852875,225615.2,False,6.006684485199999
44,ERIN,950803,18,65,30.6,-87.5,985.0,AL051995,-30.0,-45.0,-45.0,-45.0,-5.0,5.7,37,70,97.0,7.100000106,-87,0,0,-72.0,13.6,16.4,52.0,-3.3,4.9,3.2,68.4,30.0,19950803,08,1995,03,0,1995-01-03 18:08:00,ERIN-1995,Erin,"Aug 03,1995",127,1050000000.0,350000000.0,FL,2,100,Aug,03,1995,08,3,3,,,31,-88,31.0,-88.0,2.110430621,100019.8,True,6.006684485199999
45,JERR,950823,6,30,25.2,-79.2,1008.0,AL111995,5.0,5.0,0.0,0.0,10.0,13.4,49,74,46.0,15.40000023,-124,0,0,-17.0,17.8,23.4,36.0,3.2,5.5,1.9,64.2,29.9,19950823,08,1995,23,0,1995-01-23 06:08:00,JERR-1995,Jerry,"Aug 23,1995",189,150000000.0,40600000.0,FL,TS,40,Aug,23,1995,08,23,23,,,25,-79,25.0,-81.0,54.53621189,2214107.0,False,47.76014078666666
46,JERR,950823,12,35,26.4,-79.7,1008.0,AL111995,0.0,0.0,-5.0,-10.0,10.0,16.4,43,78,48.0,22.20000033,-115,0,0,7.0,19.3,24.3,49.0,7.8,5.5,1.9,66.5,29.6,19950823,08,1995,23,0,1995-01-23 12:08:00,JERR-1995,Jerry,"Aug 23,1995",189,150000000.0,40600000.0,FL,TS,40,Aug,23,1995,08,23,23,,,26,-80,26.0,-81.0,76.3838103,2229961.0,False,47.76014078666666
47,JERR,950823,18,35,27.0,-80.2,1006.0,AL111995,0.0,-5.0,-5.0,-10.0,5.0,14.7,67,77,63.0,23.20000035,-108,0,0,3.0,14.8,19.7,71.0,5.8,7.0,2.2,65.8,29.5,19950823,08,1995,23,0,1995-01-23 18:08:00,JERR-1995,Jerry,"Aug 23,1995",189,150000000.0,40600000.0,FL,TS,40,Aug,23,1995,08,23,23,,,27,-80,27.0,-81.0,12.36040017,454570.5,True,47.76014078666666
48,BERT,960712,0,70,30.7,-78.3,982.0,AL021996,15.0,-5.0,-10.0,-10.0,-5.0,28.6,51,67,47.0,32.40000048,-50,0,30,40.0,32.6,39.1,71.0,22.6,3.1,3.3,59.3,27.6,19960712,07,1996,12,0,1996-01-12 00:07:00,BERT-1996,Bertha,"Jul 12,1996",129,1020000000.0,270000000.0,NC,2,105,Jul,12,1996,07,12,12,,,31,-78,32.0,-80.0,4.837513517,177850.1,False,4.837513517
49,BERT,960712,6,70,31.2,-78.6,984.0,AL021996,20.0,-10.0,-10.0,-15.0,0.0,27.3,18,68,42.0,34.00000051,-48,0,178,58.0,33.6,43.4,3.0,20.6,1.1,4.1,60.1,27.6,19960712,07,1996,12,0,1996-01-12 06:07:00,BERT-1996,Bertha,"Jul 12,1996",129,1020000000.0,270000000.0,NC,2,105,Jul,12,1996,07,12,12,,,31,-79,32.0,-80.0,4.837513517,177850.1,False,4.837513517
50,FRAN,960905,0,105,28.6,-76.1,946.0,AL061996,-5.0,-5.0,-65.0,-75.0,0.0,9.1,42,74,92.0,11.30000017,-20,0,0,-89.0,7.6,14.1,0.0,-1.3,7.2,2.2,63.6,28.4,19960905,09,1996,05,0,1996-01-05 00:09:00,FRAN-1996,Fran,"Sep 05,1996",33,18930000000.0,5000000000.0,NC,3,115,Sep,05,1996,09,5,5,,,29,-76,29.0,-81.0,1.0519566679999999,48525.25,False,1.7604393429999998
51,FRAN,960905,6,105,29.8,-76.7,952.0,AL061996,-5.0,-40.0,-75.0,-75.0,0.0,12.9,39,70,84.0,16.50000025,-24,0,132,-71.0,12.1,18.3,18.0,3.3,5.4,2.1,66.2,28.3,19960905,09,1996,05,0,1996-01-05 06:09:00,FRAN-1996,Fran,"Sep 05,1996",33,18930000000.0,5000000000.0,NC,3,115,Sep,05,1996,09,5,5,,,30,-77,29.0,-81.0,1.0519566679999999,48525.25,False,1.7604393429999998
52,FRAN,960905,12,100,31.0,-77.2,954.0,AL061996,0.0,-60.0,-70.0,-70.0,-5.0,15.3,81,69,85.0,13.80000021,-33,0,375,-65.0,17.4,20.2,67.0,6.2,4.7,2.2,66.5,28.3,19960905,09,1996,05,0,1996-01-05 12:09:00,FRAN-1996,Fran,"Sep 05,1996",33,18930000000.0,5000000000.0,NC,3,115,Sep,05,1996,09,5,5,,,31,-77,32.0,-80.0,4.837513517,177850.1,False,1.7604393429999998
53,FRAN,960905,18,100,32.3,-77.8,952.0,AL061996,-35.0,-70.0,-70.0,-70.0,-5.0,16.4,102,74,99.0,7.500000112,-26,0,186,-90.0,21.4,24.5,102.0,8.5,6.1,2.8,67.8,28.3,19960905,09,1996,05,0,1996-01-05 18:09:00,FRAN-1996,Fran,"Sep 05,1996",33,18930000000.0,5000000000.0,NC,3,115,Sep,05,1996,09,5,5,,,32,-78,33.0,-78.0,0.100330519,3448.942,False,1.7604393429999998
54,DANN,970719,0,70,29.8,-88.4,984.0,AL051997,0.0,-10.0,-35.0,-45.0,0.0,4.3,-17,66,43.0,15.90000024,-81,0,166,34.0,2.6,11.0,-36.0,2.8,6.7,3.4,57.5,29.9,19970719,07,1997,19,0,1997-01-19 00:07:00,DANN-1997,Danny,"Jul 19,1997",173,270000000.0,100000000.0,LA,1,80,Jul,19,1997,07,19,19,,,30,-88,30.0,-88.0,10.35612406,461563.0,False,10.35612406
55,DANN,970719,6,65,30.1,-88.1,987.0,AL051997,0.0,-20.0,-35.0,-45.0,-5.0,5.6,-8,63,44.0,16.70000025,-95,0,334,35.0,6.8,15.7,-8.0,2.0,4.4,3.6,57.4,29.9,19970719,07,1997,19,0,1997-01-19 06:07:00,DANN-1997,Danny,"Jul 19,1997",173,270000000.0,100000000.0,LA,1,80,Jul,19,1997,07,19,19,,,30,-88,30.0,-88.0,10.35612406,461563.0,False,10.35612406
56,DANN,970719,12,70,30.3,-88.0,984.0,AL051997,-10.0,-35.0,-45.0,-50.0,0.0,4.7,-21,65,47.0,10.80000016,-93,0,0,8.0,6.1,12.3,-15.0,0.2,3.8,3.3,57.5,29.8,19970719,07,1997,19,0,1997-01-19 12:07:00,DANN-1997,Danny,"Jul 19,1997",173,270000000.0,100000000.0,LA,1,80,Jul,19,1997,07,19,19,,,30,-88,30.0,-88.0,10.35612406,461563.0,False,10.35612406
57,DANN,970719,18,65,30.4,-87.9,986.0,AL051997,-20.0,-35.0,-45.0,-45.0,0.0,11.2,-5,63,48.0,15.40000023,-82,0,93,18.0,7.1,10.7,-38.0,-2.0,7.2,3.9,57.7,29.8,19970719,07,1997,19,0,1997-01-19 18:07:00,DANN-1997,Danny,"Jul 19,1997",173,270000000.0,100000000.0,LA,1,80,Jul,19,1997,07,19,19,,,30,-88,30.0,-88.0,10.35612406,461563.0,True,10.35612406
58,BONN,980826,0,100,30.8,-76.4,958.0,AL021998,0.0,-5.0,-25.0,-35.0,0.0,5.5,86,64,68.0,12.40000018,-48,0,222,-31.0,13.3,18.8,76.0,4.5,3.2,4.0,70.1,29.6,19980826,08,1998,26,0,1998-01-26 00:08:00,BONN-1998,Bonnie,"Aug 26,1998",92,2410000000.0,720000000.0,NC,2,110,Aug,26,1998,08,26,26,327708.6,7809121,31,-76,32.0,-80.0,5.957441792999999,185330.5,False,1.5890772269999995
59,BONN,980826,6,100,31.7,-77.3,964.0,AL021998,0.0,-15.0,-40.0,-25.0,0.0,5.8,70,57,66.0,13.90000021,-40,0,508,-40.0,11.3,19.2,62.0,5.6,0.7,5.9,71.4,29.2,19980826,08,1998,26,0,1998-01-26 06:08:00,BONN-1998,Bonnie,"Aug 26,1998",92,2410000000.0,720000000.0,NC,2,110,Aug,26,1998,08,26,26,327708.6,7809121,32,-77,33.0,-78.0,0.132955705,3956.07,False,1.5890772269999995
60,BONN,980826,12,100,32.7,-77.8,965.0,AL021998,-5.0,-25.0,-35.0,-35.0,0.0,7.7,66,58,89.0,14.30000021,-28,0,483,-56.0,8.2,20.7,79.0,7.1,0.2,6.5,69.2,28.7,19980826,08,1998,26,0,1998-01-26 12:08:00,BONN-1998,Bonnie,"Aug 26,1998",92,2410000000.0,720000000.0,NC,2,110,Aug,26,1998,08,26,26,327708.6,7809121,33,-78,33.0,-78.0,0.132955705,3956.07,False,1.5890772269999995
61,BONN,980826,18,100,33.4,-77.8,962.0,AL021998,-15.0,-40.0,-25.0,-40.0,0.0,3.9,37,58,99.0,6.400000095,-16,0,38,-104.0,5.9,20.3,30.0,7.4,3.1,5.1,67.9,28.4,19980826,08,1998,26,0,1998-01-26 18:08:00,BONN-1998,Bonnie,"Aug 26,1998",92,2410000000.0,720000000.0,NC,2,110,Aug,26,1998,08,26,26,327708.6,7809121,33,-78,33.0,-78.0,0.132955705,3956.07,False,1.5890772269999995
62,CHAR,980822,0,45,26.8,-95.4,1006.0,AL031998,-10.0,-20.0,-25.0,-25.0,15.0,14.5,38,73,51.0,25.00000037,-96,0,0,1.0,10.3,15.5,40.0,-10.6,4.6,3.9,65.2,29.5,19980822,08,1998,22,0,1998-01-22 00:08:00,CHAR-1998,Charley,"Aug 22,1998",194,120000000.0,50000000.0,TX,TS,45,Aug,22,1998,08,22,22,927742.2,20157531,27,-95,28.0,-96.0,1.2213196020000001,39066.98,False,1.2213196020000001
63,GEOR,980925,6,85,23.4,-80.2,986.0,AL071998,5.0,5.0,5.0,10.0,10.0,23.7,-14,66,86.0,16.00000024,-55,0,0,-112.0,17.8,21.1,-14.0,-5.4,6.3,1.8,65.9,29.4,19980925,09,1998,25,0,1998-01-25 06:09:00,GEOR-1998,Georges,"Sep 25,1998",119,1200000000.0,680000000.0,FL,2,105,Sep,25,1998,09,25,25,588868.1,15486559,23,-80,24.0,-81.0,0.351048515,9038.388,False,7.494616574333333
64,GEOR,980925,12,90,23.9,-81.3,982.0,AL071998,0.0,0.0,5.0,5.0,10.0,24.0,24,70,91.0,10.00000015,-50,0,0,-145.0,21.8,26.5,39.0,-4.8,6.3,1.7,66.0,29.3,19980925,09,1998,25,0,1998-01-25 12:09:00,GEOR-1998,Georges,"Sep 25,1998",119,1200000000.0,680000000.0,FL,2,105,Sep,25,1998,09,25,25,588868.1,15486559,24,-81,24.0,-81.0,0.351048515,9038.388,False,7.494616574333333
65,GEOR,980925,18,90,24.6,-82.4,975.0,AL071998,0.0,0.0,5.0,5.0,5.0,15.4,31,68,92.0,9.800000146,-48,0,0,-98.0,16.2,24.0,26.0,-5.9,5.8,2.0,64.4,29.3,19980925,09,1998,25,0,1998-01-25 18:09:00,GEOR-1998,Georges,"Sep 25,1998",119,1200000000.0,680000000.0,FL,2,105,Sep,25,1998,09,25,25,588868.1,15486559,25,-82,25.0,-82.0,0.770742886,19100.24,False,7.494616574333333
66,GEOR,980928,0,95,29.3,-88.5,961.0,AL071998,-5.0,-45.0,-65.0,-65.0,0.0,12.3,75,64,81.0,12.20000018,-23,0,0,-45.0,15.3,17.8,75.0,11.9,3.0,3.5,68.8,27.8,19980928,09,1998,28,0,1998-01-28 00:09:00,GEOR-1998,Georges,"Sep 28,1998",75,3660000000.0,1630000000.0,MS,2,105,Sep,28,1998,09,28,28,85301.7,2804834,29,-88,30.0,-89.0,14.49828651,602276.9,False,7.494616574333333
67,GEOR,980928,6,90,29.8,-88.7,964.0,AL071998,-25.0,-50.0,-60.0,-60.0,-5.0,13.4,61,62,62.0,15.40000023,-23,0,133,-52.0,19.7,22.9,74.0,13.8,1.4,3.9,70.4,27.7,19980928,09,1998,28,0,1998-01-28 06:09:00,GEOR-1998,Georges,"Sep 28,1998",75,3660000000.0,1630000000.0,MS,2,105,Sep,28,1998,09,28,28,85301.7,2804834,30,-89,30.0,-89.0,14.49828651,602276.9,False,7.494616574333333
68,GEOR,980928,12,90,30.4,-88.9,965.0,AL071998,-40.0,-60.0,-60.0,-65.0,-5.0,15.8,68,66,66.0,16.00000024,-18,0,193,-45.0,19.4,26.1,80.0,17.8,1.2,4.3,68.5,27.5,19980928,09,1998,28,0,1998-01-28 12:09:00,GEOR-1998,Georges,"Sep 28,1998",75,3660000000.0,1630000000.0,MS,2,105,Sep,28,1998,09,28,28,85301.7,2804834,30,-89,30.0,-89.0,14.49828651,602276.9,True,7.494616574333333
69,BRET,990822,0,120,24.7,-95.1,954.0,AL031999,5.0,-20.0,-60.0,-90.0,40.0,11.5,40,66,99.0,7.500000112,-22,0,0,-106.0,12.6,13.6,45.0,7.8,6.6,4.3,61.9,29.7,19990822,08,1999,22,0,1999-01-22 00:08:00,BRET-1999,Bret,"Aug 22,1999",195,120000000.0,60000000.0,TX,3,115,Aug,22,1999,08,22,22,963961.7,20558220,25,-95,25.0,-98.0,2.9685131160000005,159291.6,False,0.7475137020000001
70,BRET,990822,6,125,25.5,-95.5,950.0,AL031999,-5.0,-45.0,-90.0,-95.0,35.0,15.4,19,66,89.0,13.90000021,-20,0,0,-67.0,17.3,19.2,25.0,10.9,4.8,3.7,65.5,29.5,19990822,08,1999,22,0,1999-01-22 06:08:00,BRET-1999,Bret,"Aug 22,1999",195,120000000.0,60000000.0,TX,3,115,Aug,22,1999,08,22,22,963961.7,20558220,26,-96,27.0,-97.0,0.007180564,238.5211,False,0.7475137020000001
71,BRET,990822,12,125,26.2,-96.1,944.0,AL031999,-25.0,-65.0,-95.0,-100.0,5.0,18.1,7,68,89.0,14.30000021,-23,0,106,-84.0,19.6,22.4,8.0,13.0,3.1,4.1,65.8,29.2,19990822,08,1999,22,0,1999-01-22 12:08:00,BRET-1999,Bret,"Aug 22,1999",195,120000000.0,60000000.0,TX,3,115,Aug,22,1999,08,22,22,963961.7,20558220,26,-96,27.0,-97.0,0.007180564,238.5211,False,0.7475137020000001
72,BRET,990822,18,120,26.6,-96.8,946.0,AL031999,-40.0,-85.0,-90.0,-95.0,-5.0,13.6,22,67,82.0,14.70000022,-4,0,138,-58.0,17.9,20.3,18.0,12.5,7.0,5.8,64.5,28.9,19990822,08,1999,22,0,1999-01-22 18:08:00,BRET-1999,Bret,"Aug 22,1999",195,120000000.0,60000000.0,TX,3,115,Aug,22,1999,08,22,22,963961.7,20558220,27,-97,27.0,-97.0,0.007180564,238.5211,False,0.7475137020000001
73,DENN,990904,0,50,33.1,-74.0,987.0,AL051999,5.0,0.0,-20.0,-25.0,5.0,20.3,-8,67,28.0,19.70000029,-53,0,44,76.0,17.9,22.4,-47.0,13.9,0.6,4.6,58.9,27.0,19990904,09,1999,04,0,1999-01-04 00:09:00,DENN-1999,Dennis,"Sep 04,1999",157,390000000.0,157000000.0,NC,TS,70,Sep,04,1999,09,4,4,345598.8,7949361,33,-74,34.0,-77.0,2.58121738,78643.99,False,1.5747897439999998
74,DENN,990904,6,55,33.3,-74.5,986.0,AL051999,5.0,-20.0,-30.0,-35.0,5.0,20.2,-12,68,33.0,23.40000035,-47,0,343,90.0,20.9,22.1,-51.0,13.0,0.0,5.6,59.8,27.0,19990904,09,1999,04,0,1999-01-04 06:09:00,DENN-1999,Dennis,"Sep 04,1999",157,390000000.0,157000000.0,NC,TS,70,Sep,04,1999,09,4,4,345598.8,7949361,33,-74,34.0,-77.0,2.58121738,78643.99,False,1.5747897439999998
75,DENN,990904,12,55,33.9,-75.3,986.0,AL051999,-5.0,-25.0,-30.0,-35.0,5.0,9.7,44,66,53.0,19.30000029,-43,0,509,16.0,13.2,19.1,23.0,7.6,0.0,6.9,58.3,26.9,19990904,09,1999,04,0,1999-01-04 12:09:00,DENN-1999,Dennis,"Sep 04,1999",157,390000000.0,157000000.0,NC,TS,70,Sep,04,1999,09,4,4,345598.8,7949361,34,-75,35.0,-76.0,0.568362108,16722.21,False,1.5747897439999998
76,DENN,990904,18,60,34.5,-76.0,986.0,AL051999,-25.0,-35.0,-40.0,-40.0,5.0,14.4,21,64,60.0,16.70000025,-38,0,598,-3.0,13.6,18.1,7.0,9.2,1.0,5.3,60.1,26.6,19990904,09,1999,04,0,1999-01-04 18:09:00,DENN-1999,Dennis,"Sep 04,1999",157,390000000.0,157000000.0,NC,TS,70,Sep,04,1999,09,4,4,345598.8,7949361,34,-76,35.0,-76.0,0.568362108,16722.21,False,1.5747897439999998
77,BARR,010805,0,35,27.3,-87.3,1003.0,AL032001,15.0,25.0,-10.0,-20.0,5.0,8.4,27,70,55.0,18.40000027,-96,0,0,17.0,10.5,15.5,12.0,6.0,6.8,2.8,61.7,29.0,20010805,08,2001,05,0,2001-01-05 00:08:00,BARR-2001,Barry,"Aug 05,2001",208,67000000.0,30000000.0,FL,TS,70,Aug,05,2001,08,5,5,658349.1,16356966,27,-87,28.0,-90.0,0.002033526,74.61644,False,0.002033526
78,GABR,010914,0,45,25.4,-84.1,997.0,AL082001,15.0,-5.0,-5.0,5.0,10.0,21.8,55,72,45.0,25.50000038,-112,0,15,37.0,23.5,31.4,23.0,15.9,5.8,2.6,60.7,29.9,20010914,09,2001,14,0,2001-01-14 00:09:00,GABR-2001,Gabrielle,"Sep 14,2001",149,570000000.0,230000000.0,FL,TS,70,Sep,14,2001,09,14,14,658349.1,16356966,25,-84,26.0,-83.0,4.585048841,149288.6,False,23.761850077333335
79,GABR,010914,6,50,25.8,-83.6,992.0,AL082001,-5.0,-10.0,-5.0,0.0,10.0,22.3,65,70,45.0,28.20000042,-115,0,339,7.0,21.9,26.2,30.0,17.2,4.0,2.8,58.2,30.0,20010914,09,2001,14,0,2001-01-14 06:09:00,GABR-2001,Gabrielle,"Sep 14,2001",149,570000000.0,230000000.0,FL,TS,70,Sep,14,2001,09,14,14,658349.1,16356966,26,-84,26.0,-83.0,4.585048841,149288.6,False,23.761850077333335
80,GABR,010914,12,60,27.1,-82.6,983.0,AL082001,-20.0,-20.0,-10.0,-5.0,15.0,26.4,72,67,69.0,11.30000017,-112,0,164,-40.0,23.3,26.8,50.0,18.1,2.3,3.3,58.1,30.0,20010914,09,2001,14,0,2001-01-14 12:09:00,GABR-2001,Gabrielle,"Sep 14,2001",149,570000000.0,230000000.0,FL,TS,70,Sep,14,2001,09,14,14,658349.1,16356966,27,-83,27.0,-83.0,62.11545255,1869742.0,False,23.761850077333335
81,GUST,020910,0,45,32.1,-75.5,996.0,AL082002,5.0,10.0,25.0,35.0,5.0,7.6,17,68,60.0,22.70000034,-90,0,0,-17.0,10.4,13.0,5.0,-1.9,3.2,3.6,59.3,28.4,20020910,09,2002,10,0,2002-01-10 00:09:00,GUST-2002,Gustav,"Sep 10,2002",247,0.0,100000.0,NC,TS,65,Sep,10,2002,09,10,10,365828.8,8326201,32,-76,33.0,-78.0,0.132955705,3956.07,False,1.3570865425
82,GUST,020910,6,50,33.0,-75.5,990.0,AL082002,5.0,10.0,35.0,25.0,10.0,3.6,21,64,59.0,21.20000032,-88,0,0,42.0,9.6,12.1,40.0,-1.5,1.0,4.3,59.6,28.3,20020910,09,2002,10,0,2002-01-10 06:09:00,GUST-2002,Gustav,"Sep 10,2002",247,0.0,100000.0,NC,TS,65,Sep,10,2002,09,10,10,365828.8,8326201,33,-76,34.0,-77.0,2.58121738,78643.99,False,1.3570865425
83,BILL,030630,0,45,25.9,-91.3,1008.0,AL032003,5.0,0.0,-20.0,-25.0,10.0,12.1,63,71,50.0,22.60000034,-93,0,71,12.0,19.0,27.7,63.0,8.7,6.8,2.2,59.6,29.2,20030630,06,2003,30,0,2003-01-30 00:06:00,BILL-2003,Bill,"Jun 30,2003",201,95000000.0,50000000.0,LA,TS,60,Jun,30,2003,06,30,30,221295.9,4521042,26,-91,27.0,-97.0,0.008777967,256.9636,False,1.5468904086666668
84,BILL,030630,6,45,27.1,-91.5,1007.0,AL032003,5.0,-15.0,-25.0,-25.0,5.0,11.0,49,74,64.0,26.10000039,-95,0,0,-27.0,22.0,28.8,44.0,13.3,5.9,2.2,62.5,29.0,20030630,06,2003,30,0,2003-01-30 06:06:00,BILL-2003,Bill,"Jun 30,2003",201,95000000.0,50000000.0,LA,TS,60,Jun,30,2003,06,30,30,221295.9,4521042,27,-92,28.0,-90.0,0.000969134,77.14766,False,1.5468904086666668
85,BILL,030630,12,50,28.2,-91.5,1002.0,AL032003,-5.0,-25.0,-30.0,-30.0,5.0,8.5,60,75,75.0,19.50000029,-98,0,0,-58.0,15.6,24.7,33.0,12.2,3.9,2.3,60.7,29.0,20030630,06,2003,30,0,2003-01-30 12:06:00,BILL-2003,Bill,"Jun 30,2003",201,95000000.0,50000000.0,LA,TS,60,Jun,30,2003,06,30,30,221295.9,4521042,28,-92,29.0,-92.0,4.630924125,118124.5,False,1.5468904086666668
86,CLAU,030715,0,60,27.7,-93.6,988.0,AL042003,15.0,-10.0,-25.0,-30.0,5.0,21.1,-1,61,47.0,22.80000034,-69,0,58,34.0,19.5,23.6,1.0,14.9,8.1,4.1,58.5,29.2,20030715,07,2003,15,0,2003-01-15 00:07:00,CLAU-2003,Claudette,"Jul 15,2003",165,330000000.0,180000000.0,TX,1,90,Jul,15,2003,07,15,15,1048182.1,22030931,28,-94,29.0,-94.0,3.459323794,109715.7,False,3.459323794
87,ALEX,040803,0,60,32.4,-78.2,987.0,AL012004,25.0,20.0,25.0,45.0,10.0,21.7,58,80,73.0,15.20000023,-61,0,0,-59.0,17.0,22.4,52.0,18.7,7.6,2.2,64.2,28.5,20040803,08,2004,03,0,2004-01-03 00:08:00,ALEX-2004,Alex,"Aug 03,2004",238,7000000.0,4000000.0,NC,1,80,Aug,03,2004,08,3,3,387840.1,8553152,32,-78,33.0,-78.0,0.151108671,4222.107,False,0.9971736515
88,ALEX,040803,6,70,33.0,-77.4,983.0,AL012004,15.0,10.0,25.0,35.0,20.0,15.4,35,78,66.0,14.80000022,-60,0,0,-53.0,17.7,22.7,41.0,19.0,4.7,2.3,64.9,28.5,20040803,08,2004,03,0,2004-01-03 06:08:00,ALEX-2004,Alex,"Aug 03,2004",238,7000000.0,4000000.0,NC,1,80,Aug,03,2004,08,3,3,387840.1,8553152,33,-77,33.0,-78.0,0.151108671,4222.107,False,0.9971736515
89,ALEX,040803,12,85,34.2,-76.4,974.0,AL012004,-5.0,0.0,20.0,15.0,25.0,14.9,33,79,80.0,11.20000017,-46,0,0,-70.0,17.1,22.5,37.0,20.7,4.0,2.4,66.2,28.3,20040803,08,2004,03,0,2004-01-03 12:08:00,ALEX-2004,Alex,"Aug 03,2004",238,7000000.0,4000000.0,NC,1,80,Aug,03,2004,08,3,3,387840.1,8553152,34,-76,34.0,-77.0,3.001752676,83927.7,False,0.9971736515
90,ALEX,040803,18,85,35.3,-75.2,972.0,AL012004,-5.0,10.0,20.0,5.0,15.0,14.3,32,75,94.0,5.800000086,-26,0,0,-62.0,19.2,29.0,48.0,25.9,4.4,3.3,65.0,27.6,20040803,08,2004,03,0,2004-01-03 18:08:00,ALEX-2004,Alex,"Aug 03,2004",238,7000000.0,4000000.0,NC,1,80,Aug,03,2004,08,3,3,387840.1,8553152,35,-75,35.0,-76.0,0.684724588,17846.74,False,0.9971736515
91,FRAN,040905,0,95,27.0,-79.4,958.0,AL062004,-15.0,-40.0,-40.0,-60.0,5.0,15.1,22,67,91.0,10.80000016,-47,0,0,-81.0,16.9,24.1,27.0,9.0,7.0,2.4,67.7,29.7,20040905,09,2004,05,0,2004-01-05 00:09:00,FRAN-2004,Frances,"Sep 05,2004",32,19990000000.0,9800000000.0,FL,2,105,Sep,05,2004,09,5,5,757581.2,17415318,27,-79,27.0,-81.0,19.58558683,551368.9,False,19.58558683
92,FRAN,040905,6,90,27.2,-80.2,960.0,AL062004,-30.0,-35.0,-40.0,-60.0,0.0,17.5,15,69,91.0,9.600000142999999,-59,0,0,-72.0,23.9,30.6,29.0,11.9,4.8,2.5,68.4,29.8,20040905,09,2004,05,0,2004-01-05 06:09:00,FRAN-2004,Frances,"Sep 05,2004",32,19990000000.0,9800000000.0,FL,2,105,Sep,05,2004,09,5,5,757581.2,17415318,27,-80,27.0,-81.0,19.58558683,551368.9,False,19.58558683
93,GAST,040829,0,55,31.5,-79.1,994.0,AL072004,10.0,-25.0,-30.0,-20.0,10.0,10.9,6,64,58.0,20.1000003,-71,0,24,-2.0,6.2,9.4,34.0,3.6,7.0,2.8,57.4,28.5,20040829,08,2004,29,0,2004-01-29 00:08:00,GAST-2004,Gaston,"Aug 29,2004",175,240000000.0,130000000.0,SC,1,75,Aug,29,2004,08,29,29,162209.0,4210921,32,-79,32.0,-80.0,6.788778947000001,195443.3,False,6.822907916333334
94,GAST,040829,6,60,32.1,-79.4,991.0,AL072004,-15.0,-30.0,-30.0,-25.0,10.0,3.9,6,68,71.0,12.30000018,-71,0,0,-33.0,0.6,7.0,18.0,-0.1,4.6,2.4,56.9,28.2,20040829,08,2004,29,0,2004-01-29 06:08:00,GAST-2004,Gaston,"Aug 29,2004",175,240000000.0,130000000.0,SC,1,75,Aug,29,2004,08,29,29,162209.0,4210921,32,-79,32.0,-80.0,6.788778947000001,195443.3,False,6.822907916333334
95,GAST,040829,12,65,32.8,-79.5,986.0,AL072004,-35.0,-40.0,-30.0,-30.0,10.0,9.8,19,67,76.0,10.60000016,-68,0,0,-30.0,6.1,8.6,0.0,4.1,3.3,2.8,55.9,27.9,20040829,08,2004,29,0,2004-01-29 12:08:00,GAST-2004,Gaston,"Aug 29,2004",175,240000000.0,130000000.0,SC,1,75,Aug,29,2004,08,29,29,162209.0,4210921,33,-80,33.0,-80.0,6.891165855,235029.7,False,6.822907916333334
96,IVAN,040916,0,110,28.9,-88.2,931.0,AL092004,-40.0,-80.0,-90.0,-90.0,-5.0,10.4,72,70,100.0,6.500000097000001,-27,0,0,-107.0,17.8,29.5,71.0,10.2,4.7,2.4,73.0,29.2,20040916,09,2004,16,0,2004-01-16 00:09:00,IVAN-2004,Ivan,"Sep 16,2004",15,36910000000.0,20500000000.0,AL,3,120,Sep,16,2004,09,16,16,175916.8,4530729,29,-88,30.0,-88.0,15.5631956,543501.8,False,15.5631956
97,IVAN,040916,6,105,30.0,-87.9,943.0,AL092004,-55.0,-80.0,-85.0,-90.0,-10.0,13.2,81,67,90.0,12.40000018,-32,0,153,-101.0,19.6,31.3,81.0,12.9,2.3,3.6,69.1,28.9,20040916,09,2004,16,0,2004-01-16 06:09:00,IVAN-2004,Ivan,"Sep 16,2004",15,36910000000.0,20500000000.0,AL,3,120,Sep,16,2004,09,16,16,175916.8,4530729,30,-88,30.0,-88.0,15.5631956,543501.8,False,15.5631956
98,CIND,050705,6,35,25.1,-90.2,1009.0,AL032005,25.0,15.0,-5.0,-15.0,5.0,13.9,14,66,34.0,25.50000038,-96,0,0,62.0,17.6,18.6,-3.0,8.5,6.4,2.3,64.9,29.1,20050705,07,2005,05,0,2005-01-05 06:07:00,CIND-2005,Cindy,"Jul 05,2005",153,420000000.0,320000000.0,LA,1,75,Jul,05,2005,07,5,5,245727.5,4576628,25,-90,26.0,-83.0,5.967302077,160940.4,False,5.967302077
99,DENN,050710,0,110,26.1,-85.0,942.0,AL042005,10.0,-65.0,-85.0,-90.0,30.0,11.4,85,75,90.0,10.50000016,-15,0,0,-93.0,14.3,22.3,77.0,2.1,7.2,1.8,69.7,28.9,20050710,07,2005,10,0,2005-01-10 00:07:00,DENN-2005,Dennis,"Jul 10,2005",72,3930000000.0,2500000000.0,FL,3,120,Jul,10,2005,07,10,10,806805.0,17842038,26,-85,26.0,-83.0,5.967302077,160940.4,False,22.655244529
100,DENN,050710,6,125,27.2,-85.8,935.0,AL042005,-15.0,-95.0,-105.0,-110.0,35.0,8.7,61,73,92.0,10.30000015,-7,0,0,-93.0,17.7,27.5,48.0,3.8,5.0,2.4,68.7,28.9,20050710,07,2005,10,0,2005-01-10 06:07:00,DENN-2005,Dennis,"Jul 10,2005",72,3930000000.0,2500000000.0,FL,3,120,Jul,10,2005,07,10,10,806805.0,17842038,27,-86,27.0,-83.0,75.59630237,2015766.0,False,22.655244529
101,DENN,050710,12,120,28.5,-86.3,930.0,AL042005,-75.0,-95.0,-100.0,-105.0,10.0,10.3,73,75,82.0,13.400000199999997,-16,0,0,-99.0,12.2,22.3,69.0,2.9,3.9,2.2,69.7,28.7,20050710,07,2005,10,0,2005-01-10 12:07:00,DENN-2005,Dennis,"Jul 10,2005",72,3930000000.0,2500000000.0,FL,3,120,Jul,10,2005,07,10,10,806805.0,17842038,28,-86,29.0,-86.0,0.358571021,15012.71,False,22.655244529
102,DENN,050710,18,110,29.9,-86.9,942.0,AL042005,-80.0,-90.0,-95.0,-95.0,-15.0,19.8,114,74,92.0,8.100000121,-14,0,0,-108.0,19.8,24.3,123.0,2.4,4.4,3.0,66.5,28.5,20050710,07,2005,10,0,2005-01-10 18:07:00,DENN-2005,Dennis,"Jul 10,2005",72,3930000000.0,2500000000.0,FL,3,120,Jul,10,2005,07,10,10,806805.0,17842038,30,-87,30.0,-87.0,8.698802648,276039.6,False,22.655244529
103,OPHE,050915,0,75,34.2,-76.9,979.0,AL162005,-10.0,-15.0,-25.0,-20.0,0.0,7.6,13,63,71.0,14.90000022,-38,0,681,-7.0,11.4,21.0,19.0,13.2,3.5,3.6,60.2,27.6,20050915,09,2005,15,0,2005-01-15 00:09:00,OPHE-2005,Ophelia,"Sep 15,2005",190,130000000.0,70000000.0,NC,1,75,Sep,15,2005,09,15,15,406293.9,8705407,34,-77,34.0,-77.0,3.001752676,83927.7,False,1.26398161
104,OPHE,050915,6,70,34.5,-76.3,982.0,AL162005,-5.0,-15.0,-15.0,-20.0,-5.0,9.8,-18,66,74.0,15.90000024,-41,0,618,16.0,12.0,21.9,-37.0,13.0,2.5,3.3,59.7,27.4,20050915,09,2005,15,0,2005-01-15 06:09:00,OPHE-2005,Ophelia,"Sep 15,2005",190,130000000.0,70000000.0,NC,1,75,Sep,15,2005,09,15,15,406293.9,8705407,34,-76,35.0,-76.0,0.684724588,17846.74,False,1.26398161
105,OPHE,050915,12,65,34.7,-75.8,984.0,AL162005,-5.0,-15.0,-10.0,-15.0,-10.0,7.9,-37,65,85.0,12.40000018,-42,0,369,-25.0,14.5,23.2,-48.0,13.4,1.8,3.4,56.7,27.3,20050915,09,2005,15,0,2005-01-15 12:09:00,OPHE-2005,Ophelia,"Sep 15,2005",190,130000000.0,70000000.0,NC,1,75,Sep,15,2005,09,15,15,406293.9,8705407,35,-76,35.0,-76.0,0.684724588,17846.74,False,1.26398161
106,OPHE,050915,18,65,34.7,-75.6,986.0,AL162005,-10.0,-10.0,-15.0,-15.0,-5.0,5.9,7,66,85.0,11.50000017,-39,0,0,-40.0,11.2,21.1,3.0,9.2,3.8,3.3,56.9,27.3,20050915,09,2005,15,0,2005-01-15 18:09:00,OPHE-2005,Ophelia,"Sep 15,2005",190,130000000.0,70000000.0,NC,1,75,Sep,15,2005,09,15,15,406293.9,8705407,35,-76,35.0,-76.0,0.684724588,17846.74,False,1.26398161
107,RITA,050924,0,105,28.6,-93.0,931.0,AL182005,-40.0,-70.0,-80.0,-85.0,-10.0,21.7,81,65,99.0,7.9000001179999995,-37,0,30,-144.0,25.3,28.5,73.0,2.9,4.7,5.2,66.6,29.6,20050924,09,2005,24,0,2005-01-24 00:09:00,RITA-2005,Rita,"Sep 24,2005",24,23110000000.0,18500000000.0,LA,3,115,Sep,24,2005,09,24,24,245727.5,4576628,29,-93,29.0,-93.0,1.011228892,37637.12,False,1.011228892
108,ERNE,060829,12,40,23.2,-79.3,1006.0,AL052006,0.0,-5.0,-5.0,15.0,5.0,5.9,-4,71,49.0,18.60000028,-108,0,0,16.0,6.6,11.0,-1.0,-5.8,6.3,2.0,61.6,29.8,20060829,08,2006,29,0,2006-01-29 12:08:00,ERNE-2006,Ernesto,"Aug 29,2006",134,740000000.0,500000000.0,FL,TS,45,Aug,29,2006,08,29,29,834434.5,18166990,23,-79,24.0,-81.0,0.47725043799999994,9744.621,False,0.47725043799999994
109,ERNE,060829,18,40,23.9,-79.9,1005.0,AL052006,0.0,-5.0,5.0,20.0,0.0,8.5,4,75,84.0,10.10000015,-107,0,0,-74.0,5.1,10.4,-9.0,-8.7,7.4,2.3,62.5,30.0,20060829,08,2006,29,0,2006-01-29 18:08:00,ERNE-2006,Ernesto,"Aug 29,2006",134,740000000.0,500000000.0,FL,TS,45,Aug,29,2006,08,29,29,834434.5,18166990,24,-80,24.0,-81.0,0.47725043799999994,9744.621,False,0.47725043799999994
110,DOLL,080723,0,65,24.9,-95.7,982.0,AL042008,20.0,0.0,-20.0,-40.0,10.0,0.0,47,69,92.0,7.200000107,-57,0,0,-111.0,7.2,17.3,55.0,-1.5,6.4,4.6,63.3,28.6,20080723,07,2008,23,0,2008-01-23 00:07:00,DOLL-2008,Dolly,"Jul 23,2008",102,1940000000.0,1300000000.0,TX,1,85,Jul,23,2008,07,23,23,1274662.1,24309039,25,-96,25.0,-98.0,3.5889320889999996,171922.0,False,1.798855028
111,DOLL,080723,6,70,25.4,-96.2,982.0,AL042008,5.0,-15.0,-35.0,-45.0,10.0,5.4,28,68,94.0,5.600000082999999,-55,0,0,-94.0,11.5,22.4,50.0,4.3,3.5,4.3,64.4,28.2,20080723,07,2008,23,0,2008-01-23 06:07:00,DOLL-2008,Dolly,"Jul 23,2008",102,1940000000.0,1300000000.0,TX,1,85,Jul,23,2008,07,23,23,1274662.1,24309039,25,-96,25.0,-98.0,3.5889320889999996,171922.0,False,1.798855028
112,DOLL,080723,12,85,25.9,-96.7,967.0,AL042008,-20.0,-40.0,-60.0,-60.0,20.0,3.7,11,73,99.0,7.600000112999999,-38,0,0,-87.0,11.4,18.7,32.0,4.1,3.5,3.3,66.0,27.9,20080723,07,2008,23,0,2008-01-23 12:07:00,DOLL-2008,Dolly,"Jul 23,2008",102,1940000000.0,1300000000.0,TX,1,85,Jul,23,2008,07,23,23,1274662.1,24309039,26,-97,27.0,-97.0,0.008777967,256.9636,False,1.798855028
113,DOLL,080723,18,75,26.4,-97.2,967.0,AL042008,-20.0,-40.0,-50.0,-50.0,5.0,6.5,47,70,96.0,7.9000001179999995,-26,0,0,-74.0,5.0,13.0,52.0,-1.0,6.1,5.6,66.2,27.6,20080723,07,2008,23,0,2008-01-23 18:07:00,DOLL-2008,Dolly,"Jul 23,2008",102,1940000000.0,1300000000.0,TX,1,85,Jul,23,2008,07,23,23,1274662.1,24309039,26,-97,27.0,-97.0,0.008777967,256.9636,False,1.798855028
114,FAY,080819,0,50,25.0,-81.9,997.0,AL062008,5.0,5.0,-5.0,0.0,0.0,12.6,48,73,66.0,13.100000199999998,-104,0,0,-55.0,13.3,20.9,20.0,8.5,6.2,2.2,60.1,30.1,20080819,08,2008,19,0,2008-01-19 00:08:00,FAY-2008,Fay,"Aug 19,2008",132,830000000.0,560000000.0,FL,TS,65,Aug,19,2008,08,19,19,803607.1,18527305,25,-82,25.0,-82.0,1.0638364040000001,20590.52,False,15.129403917
115,FAY,080819,6,55,25.5,-81.8,994.0,AL062008,5.0,-5.0,-10.0,-5.0,5.0,15.4,17,72,58.0,15.60000023,-100,0,58,-22.0,21.0,25.4,13.0,16.2,5.8,2.1,60.4,30.1,20080819,08,2008,19,0,2008-01-19 06:08:00,FAY-2008,Fay,"Aug 19,2008",132,830000000.0,560000000.0,FL,TS,65,Aug,19,2008,08,19,19,803607.1,18527305,26,-82,26.0,-82.0,29.19497143,727152.8,False,15.129403917
116,GUST,080901,0,95,26.9,-87.7,953.0,AL072008,0.0,-35.0,-65.0,-75.0,-5.0,12.6,54,71,90.0,7.9000001179999995,-38,0,0,-144.0,21.0,28.5,55.0,-3.4,7.0,2.0,71.4,29.4,20080901,09,2008,01,0,2008-01-01 00:09:00,GUST-2008,Gustav,"Sep 01,2008",54,7900000000.0,6000000000.0,LA,2,105,Sep,01,2008,09,1,1,235468.2,4435586,27,-88,28.0,-90.0,0.000969134,77.14766,False,0.3644570253333333
117,GUST,080901,6,95,27.9,-89.0,954.0,AL072008,-10.0,-55.0,-75.0,-75.0,0.0,12.3,28,67,91.0,7.700000115,-45,0,15,-107.0,16.2,25.3,19.0,-1.8,3.7,2.3,71.0,29.3,20080901,09,2008,01,0,2008-01-01 06:09:00,GUST-2008,Gustav,"Sep 01,2008",54,7900000000.0,6000000000.0,LA,2,105,Sep,01,2008,09,1,1,235468.2,4435586,28,-89,28.0,-90.0,0.000969134,77.14766,False,0.3644570253333333
118,GUST,080901,12,95,28.8,-90.3,955.0,AL072008,-35.0,-65.0,-75.0,-75.0,0.0,11.2,25,69,99.0,10.30000015,-51,0,0,-131.0,15.5,22.7,13.0,0.7,2.5,2.6,71.4,29.3,20080901,09,2008,01,0,2008-01-01 12:09:00,GUST-2008,Gustav,"Sep 01,2008",54,7900000000.0,6000000000.0,LA,2,105,Sep,01,2008,09,1,1,235468.2,4435586,29,-90,29.0,-90.0,1.091432808,107404.3,False,0.3644570253333333
119,ALEX,100630,0,65,23.0,-94.4,973.0,AL012010,10.0,25.0,-5.0,-35.0,5.0,3.8,82,81,94.0,9.500000142000001,-57,0,0,-133.0,8.4,13.7,84.0,-3.1,8.8,1.8,74.5,29.5,20100630,06,2010,30,0,2010-01-30 00:06:00,ALEX-2010,Alex,"Jun 30,2010",232,15000000.0,10000000.0,TX,TS,70,Jun,30,2010,06,30,30,1301808.3,25241971,23,-94,24.0,-81.0,0.47725043799999994,9744.621,False,0.47725043799999994
120,EARL,100902,0,120,27.2,-73.5,932.0,AL072010,-5.0,-30.0,-45.0,-60.0,10.0,17.3,49,61,98.0,7.8000001160000005,-32,0,84,-62.0,21.5,28.3,36.0,-0.1,3.2,3.1,69.0,29.9,20100902,09,2010,02,0,2010-01-02 00:09:00,EARL-2010,Earl,"Sep 02,2010",228,22000000.0,18000000.0,NC,TS,70,Sep,02,2010,09,2,2,433916.7,9574323,27,-74,27.0,-81.0,19.58558683,551368.9,False,5.458340210999999
121,EARL,100902,6,125,28.6,-74.3,927.0,AL072010,-25.0,-40.0,-55.0,-65.0,10.0,20.2,49,63,99.0,9.000000134,-22,0,90,-74.0,19.3,23.4,64.0,2.6,3.7,2.6,72.0,29.8,20100902,09,2010,02,0,2010-01-02 06:09:00,EARL-2010,Earl,"Sep 02,2010",228,22000000.0,18000000.0,NC,TS,70,Sep,02,2010,09,2,2,433916.7,9574323,29,-74,29.0,-81.0,1.539400712,55287.79,False,5.458340210999999
122,EARL,100902,12,115,30.1,-74.8,935.0,AL072010,-25.0,-40.0,-55.0,-50.0,-5.0,15.7,12,63,97.0,11.40000017,-28,0,214,-87.0,18.7,23.4,-1.0,4.3,2.6,2.8,65.9,29.5,20100902,09,2010,02,0,2010-01-02 12:09:00,EARL-2010,Earl,"Sep 02,2010",228,22000000.0,18000000.0,NC,TS,70,Sep,02,2010,09,2,2,433916.7,9574323,30,-75,31.0,-81.0,0.557264631,14328.54,False,5.458340210999999
123,EARL,100902,18,100,31.7,-75.1,943.0,AL072010,-15.0,-30.0,-40.0,-35.0,-25.0,21.8,34,59,98.0,7.100000106,-36,0,0,-111.0,20.4,25.2,38.0,7.8,3.0,3.5,67.9,29.3,20100902,09,2010,02,0,2010-01-02 18:09:00,EARL-2010,Earl,"Sep 02,2010",228,22000000.0,18000000.0,NC,TS,70,Sep,02,2010,09,2,2,433916.7,9574323,32,-75,33.0,-78.0,0.151108671,4222.107,False,5.458340210999999
124,HERM,100906,6,40,21.8,-95.1,1001.0,AL102010,10.0,15.0,0.0,-15.0,15.0,9.3,16,79,81.0,16.60000025,-112,0,0,-98.0,12.1,19.5,26.0,-3.4,5.3,1.8,65.5,30.0,20100906,09,2010,06,0,2010-01-06 06:09:00,HERM-2010,Hermine,"Sep 06,2010",161,370000000.0,240000000.0,TX,TS,70,Sep,06,2010,09,6,6,1301808.3,25241971,22,-95,21.0,-157.0,0.283095138,6676.276,False,1.4497592216666666
125,HERM,100906,12,45,23.0,-95.6,998.0,AL102010,10.0,0.0,-15.0,-25.0,15.0,12.9,-7,76,99.0,7.9000001179999995,-111,0,0,-153.0,12.8,18.4,-11.0,-2.9,4.3,1.8,64.0,30.1,20100906,09,2010,06,0,2010-01-06 12:09:00,HERM-2010,Hermine,"Sep 06,2010",161,370000000.0,240000000.0,TX,TS,70,Sep,06,2010,09,6,6,1301808.3,25241971,23,-96,24.0,-81.0,0.47725043799999994,9744.621,False,1.4497592216666666
126,HERM,100906,18,50,24.0,-96.5,995.0,AL102010,5.0,-10.0,-25.0,-30.0,10.0,1.5,14,74,96.0,6.500000097000001,-93,0,0,-114.0,10.3,14.9,18.0,-2.5,6.7,3.6,65.7,30.0,20100906,09,2010,06,0,2010-01-06 18:09:00,HERM-2010,Hermine,"Sep 06,2010",161,370000000.0,240000000.0,TX,TS,70,Sep,06,2010,09,6,6,1301808.3,25241971,24,-96,25.0,-98.0,3.5889320889999996,171922.0,False,1.4497592216666666
127,ISAA,120828,0,60,26.8,-86.7,979.0,AL092012,5.0,10.0,5.0,-5.0,5.0,10.0,84,63,79.0,18.50000028,-95,0,126,-87.0,13.5,20.7,88.0,-11.4,2.3,3.5,67.1,29.9,20120828,08,2012,28,0,2012-01-28 00:08:00,ISAA-2012,Isaac,"Aug 28,2012",78,3430000000.0,2800000000.0,LA,1,80,Aug,28,2012,08,28,28,233481.2,4600972,27,-87,28.0,-90.0,0.000969134,77.14766,False,0.2735850525
128,ISAA,120828,6,60,27.4,-87.6,978.0,AL092012,10.0,10.0,0.0,-5.0,0.0,4.8,36,65,67.0,17.00000025,-96,0,106,-62.0,4.9,13.6,31.0,-7.0,0.8,3.7,70.7,29.7,20120828,08,2012,28,0,2012-01-28 06:08:00,ISAA-2012,Isaac,"Aug 28,2012",78,3430000000.0,2800000000.0,LA,1,80,Aug,28,2012,08,28,28,233481.2,4600972,27,-88,28.0,-90.0,0.000969134,77.14766,False,0.2735850525
129,ISAA,120828,12,65,28.0,-88.3,975.0,AL092012,5.0,0.0,-10.0,-20.0,5.0,4.8,-2,70,63.0,20.2000003,-87,0,0,-53.0,2.7,13.5,0.0,0.0,1.7,2.8,70.2,29.5,20120828,08,2012,28,0,2012-01-28 12:08:00,ISAA-2012,Isaac,"Aug 28,2012",78,3430000000.0,2800000000.0,LA,1,80,Aug,28,2012,08,28,28,233481.2,4600972,28,-88,28.0,-90.0,0.000969134,77.14766,False,0.2735850525
130,ISAA,120828,18,70,28.6,-88.8,972.0,AL092012,0.0,-10.0,-15.0,-35.0,10.0,5.2,15,71,92.0,14.90000022,-70,0,15,-82.0,3.8,12.2,26.0,4.2,3.3,3.4,69.0,29.2,20120828,08,2012,28,0,2012-01-28 18:08:00,ISAA-2012,Isaac,"Aug 28,2012",78,3430000000.0,2800000000.0,LA,1,80,Aug,28,2012,08,28,28,233481.2,4600972,29,-89,29.0,-90.0,1.091432808,107404.3,False,0.2735850525
131,HARV,170825,0,80,25.0,-94.4,973.0,AL092017,15.0,35.0,-15.0,-35.0,20.0,14.0,-7,70,85.0,10.70000016,-73,0,0,-90.0,12.5,13.6,1.0,1.8,5.9,3.7,66.0,30.4,20170825,08,2017,25,1,2017-01-25 00:08:00,HARV-2017,Harvey,"Aug 25,2017",4,133000000000.0,125000000000.0,TX,4,130,Aug,25,2017,08,25,25,1651329.5,28295273,25,-94,25.0,-98.0,3.5889320889999996,171922.0,False,0.9038164974999998
132,HARV,170825,6,90,25.6,-95.1,966.0,AL092017,15.0,15.0,-40.0,-50.0,20.0,12.3,5,72,87.0,7.600000112999999,-67,0,0,-92.0,14.2,16.5,7.0,5.5,4.1,3.0,67.4,30.1,20170825,08,2017,25,0,2017-01-25 06:08:00,HARV-2017,Harvey,"Aug 25,2017",4,133000000000.0,125000000000.0,TX,4,130,Aug,25,2017,08,25,25,1651329.5,28295273,26,-95,27.0,-97.0,0.008777967,256.9636,False,0.9038164974999998
133,HARV,170825,12,95,26.3,-95.8,949.0,AL092017,20.0,-30.0,-50.0,-60.0,15.0,8.2,10,72,96.0,4.900000073,-62,0,0,-137.0,11.7,15.7,0.0,6.9,2.5,3.0,67.8,29.7,20170825,08,2017,25,0,2017-01-25 12:08:00,HARV-2017,Harvey,"Aug 25,2017",4,133000000000.0,125000000000.0,TX,4,130,Aug,25,2017,08,25,25,1651329.5,28295273,26,-96,27.0,-97.0,0.008777967,256.9636,False,0.9038164974999998
134,HARV,170825,18,105,27.1,-96.3,943.0,AL092017,0.0,-55.0,-65.0,-70.0,15.0,11.2,46,71,96.0,7.40000011,-42,0,0,-129.0,13.4,18.1,34.0,4.4,3.8,4.3,68.4,29.5,20170825,08,2017,25,0,2017-01-25 18:08:00,HARV-2017,Harvey,"Aug 25,2017",4,133000000000.0,125000000000.0,TX,4,130,Aug,25,2017,08,25,25,1651329.5,28295273,27,-96,27.0,-97.0,0.008777967,256.9636,False,0.9038164974999998
135,IRMA,170910,0,100,23.4,-80.9,932.0,AL112017,15.0,-20.0,-50.0,-65.0,-10.0,8.2,111,70,97.0,6.800000101,-52,0,0,-135.0,11.5,15.7,116.0,0.1,5.9,2.0,68.5,30.1,20170910,09,2017,10,0,2017-01-10 00:09:00,IRMA-2017,Irma,"Sep 10,2017",12,52970000000.0,50000000000.0,FL,4,130,Sep,10,2017,09,10,10,901903.5,20963613,23,-81,24.0,-81.0,0.47725043799999994,9744.621,False,0.47725043799999994
